aval;msg
-1;notehbook da dell é um LIXO !!!!!!!!!!!!!!!!!!!!!!!!!!!!!!!!!!!!!!
-1;@telmakalistos O problema é que o meu notebook que estragou era justamente da Dell. Não tive uma experiência boa com ela :(
-1;Eu odeio esse notebook da Dell, mano, vocês não tem noção. #SaudadesSamsung
-1;@tmnobre Por nada! Eu tenho um notebook Dell e já passei muita dor de cabeça com ele.
-1;Comprar memória pro notebook? Impossível! O jeito é reclamar da Dell no @ReclameAQUI: http://www.reclameaqui.com.br/14509101/dell-computadores-do-brasil/impossivel-adicionar-memoria-ao-notebook/ … @DellnoBrasil @Dell @Dellajuda
-1;Que merda de notebook esse Dell de bosta
-1;Estou extremamente insatisfeita com meu notebook Dell novo, pois a placa wireless Intel 7260 conectividade ruim @dellnoBrasil @intelbrasil
-1;A Dell viu meu nome e me vendeu o notebook com defeito, né possível! Um i5, 6GB de memória, q não rende o q uns i3 2GB rendem por ai ><
-1;Meu notebook atual veio com antivírus McAfee. MEU DEUS COMO É RUIM! Por que a Dell trocou a Norton por eles, hein?
-1;Quero comprar um notebook novo, esse aqui não dá mais, plmdds. Comprar da Dell foi a PIOR decisão que eu fiz, sério.
-1;É fácil, atrás de um notebook da Dell ou Iphone, julgar alguém que rala o dia todo para sustentar uma família e mostrar o futebol a filha.
-1;alo @dell o notebook da @nicollechidiac ta com problema o modelo é esse aqui  Link permanente da imagem incorporada
-1;Notebook de 3mil dar problema para conectar Wi-Fi aff maria Dell
-1;Acho que nessa semana o técnico da Dell vem buscar o notebook e trazer o novo -amém-
-1;Meu notebook ficou zoado desde que a dell instalou o negócio de reconhecer rosto. Que ódio!
-1;Aguardando até agora a Assistência 24h da @Dell #DellBrazil. Você tem seus prazos para cumprir e seu notebook parado até quando?
-1;A pessoa compra um notebook e é obrigado a comprar um mouse...pq o touchpad não vale bosta! CCE >>>>>>> DELL
-1;Perguntar não ofende: por quê a Dell vende um notebook com sistema operacional Ubuntu MAIS CARO que o mesmo notebook com Windows 8.1 ? ?
-1;Nas opções do laptop mag indicaram o Dell XPS 13. Aquele notebook é horroroso em questões de design
-1;Tenta voltar seu notebook da dell do windows 10 para o windows 8.1, VC vai ver q bosta é isso. Tela petra 5 horas.  Link permanente da imagem incorporada
-1;Nunca mais compro notebook da dell
-1;Você acha que a @Dell tem notebooks com uma qualidade superior, você está enganado. #dell #dellLIXO #NÃOCOMPREDELL http://www.reclameaqui.com.br/14295761/dell-computadores-do-brasil/notebook-dell-qualidade-ruim/ …
-1;eu tiro baidu hao123 br123 jogo do fuleco isurf webssearch  mas não consigo formatar um notebook DA DELL @DellnoBrasil
-1;Nunca pensei que seria tão difícil , configurar um notebook da Dell
-1;@opiomorph @mattoi_ eu fiz backup e clean install no notebook novo da minha mãe. já veio ruim de fábrica cheio daqueles programas da dell
-1;Td o que eu queria era o meu notebook sério nunca te pedi nada @dell
-1;Nunca comprem notebook na loja http://ln.is/www.dell.com.br/HrryC …
-1;finalmente comprei meu notebook  amém senhor finalmente comprei um da samsung msm pq da dell ta caro 0 retweet 1 curtiu Responder   Retweetar    Curtir  1
-1;Dell é o notebook que tem estrutura mais fraca, sempre quebra.
-1;@dell vem logo arrumar o meu notebook pfvrzinho
-1;To a 1 hora com a dell no telefone espero que resolva o problema do meu notebook ngm merece comprar e uma semana dps estragar
-1;Seguinte: Tenho um notebook Dell N4030 que está dando problema, comprei uma fonte nova, ela funciona. Porém, eu... http://fb.me/8i1a6jQgt
-1;TO IRADOO!
-1;Ai meu notebook é o um DELL, que não tem um PowerPoint, LIXOOOOOOOOOOO
-1;@dell alguém consegue me explicar por que eu não consigo nem aumentar e nem diminuir o brilho do meu notebook? Obrigado!!
-1;@Dell Notebook Inspiron N4050 com o seguinte erro de HD - Error code 2000.0142 - Validation 37296 self test unsuccessful status:7. Soluções?
-1;@diegobferreira ah sim... experimenta comprar um notebook dell, hp, sony... vc morre louco com tanto programa acessório chato.
-1;@AncineGovBr vejam bem, eu não perdoo a Dell por estar com um notebook estragado. Imagina se eu vou perdoar vocês por estragarem a Netflix.
-1;Entrei no chat da dell p ve o negócio do meu notebook e sou a 10 porra !!
-1;Meu notebook Dell fica conectado ao carregador, mas não carrega. Já é a segunda vez que isso acontece em menos de... http://fb.me/4JDEE65rs
-1;Problemas com eletrônicos só aparecem depois que acaba a garantia, incrível! #Dell #Notebook
-1;Paguei 2800 em um notebook dell que só durou um ano e meio
-1;Queria poder devolver essa bomba de notebook Dell e pegar um Acer. Me arrependo amargamente.
-1;Dúvida existencial: vou parar de reclamar da Dell quando eles arrumarem meu notebook?
-1;A dor de cabeça que o meu notebook @acer nunca deu o meu @dell que foi muito mais caro tá dando. Péssimo pós venda.
-1;o praise-the-lord amazing wonderful ultra mega power notebook Dell® foi pra fita em 2 semanas. Nem isso, eu acho.
-1;Podem ter certeza: eu nunca mais vou comprar um Dell. Nem que seja o último notebook da face da terra.
-1;Você atualiza o notebook da Dell para o Windows 10, a tela do notebook morre, você liga para a Dell e mandam você ligar para a Microsoft.
-1;Atualizar Driver do Chipset e Bios pra tudo funcionar!! Bosta de Dell!! Vou comprar um notebook novo e foda-se!
-1;Odeio meu notebook dell. Uma bosta
-1;Atualizar o notebook e ele travar de vez. Só comigo ? #dell #Windows8 #help
-1;Aí eu procuro uma bateria nova pro meu notebook de 5 aninhos e o fabricante não vende mais. #comofas Dell???
-1;Primeiro susto - resolvido - Dell: O notebook está carregado, mas não liga nem com a mulesta.
-1;Notebook da @dell inutilizável após update para o windows 10 da @microsoftbr Ajudem a compartilhar quero uma solução!
-1;Comprei um notebook da Dell. Rapaz, se arrependimento matasse, eu tava já em decomposição. Pqp. Que novela.
-1;@firsttromeo @myunngsoo gnete vcs nunca viram comercial da dell não ultrabook eh um notebook SUPEEEEEEEERRRRR lixo odiei
-1;Como se eu fosse comprar mais alguma coisa na Dell depois dessa putaria com o meu notebook
-1;vou instalar o w10 no notebook da minha mãe mas vou deixar ele formatar. eu quero matar esses programinhas da dell que vêm junto.
-1;Receptor WiFi em notebook em geral é bem ruim. Meu celular aqui ao lado nem sente as pequenas quedas de conexão, o Dell fica 3 minutos off
-1;Reclame Aqui - Dell Computadores do Brasil - não consigo pedir para conserto de notebook... http://fb.me/2h94oSENa
-1;alo @dell vamo cooperar que esse notebook nao tem nem 1 ano pra dar problema me ajuda
-1;Dell diagnostic hard drive error code ..  :'( tentando resolver um problema, eu achei outro .. notebook e eu super 'alinhados'  :-/
-1;A tela do meu notebook dell é muito apagada e sem brilho, quando jogo na TV ou no Mac parece outra coisa
-1;tenho um  notebook da Dell tem um processador i7 e 8GB de RAM e o Google Chrome trava a cada 10 minutos
-1;Quando eu precisar trocar de notebook, sem dúvidas não comprarei Dell
-1;Daora, ia mandar um email pra Dell, perguntando se meu notebook vai funcionar de boa com o Windows 10---> minha garantia expirou
-1;Me lembrem de nunca comprar notebook da Dell
-1;Pra vc que pensa em comprar um notebook #Inspiron 14 3000 Series da #Dell... Não compre.
-1;AAAAAAAAAAAAAAAAAAAAAH KCETE, DELL  WHY TU ME MANDA MSG DIZENDO PRA VERIFICAR STATUS DO MEU NOTEBOOK, SE NÃO MUDA NADA?
-1;meu notebook deu pau e a Dell quis cobrar quase 1k pra arrumar (sem dizer qual que é o problema)
-1;Todo mundo que conheço e comprou Dell teve algum problema, seja na entrega ou com o notebook
-1;Se vocês forem comprar um notebook, fujam da Dell, dica de amiguinho
-1;Essa Dell ta de sacanagem comigo, cada hora me aparece um biziu diferente nesse notebook ¬¬
-1;Eu só quero a porra do meu notebook, plmdds dell, libera essa merda logo
-1;Dá uma olhada nessa reclamação contra Dell Computadores do Brasil no @ReclameAQUI http://www.reclameaqui.com.br/13863658/dell-computadores-do-brasil/sem-retorno-do-suporte-tecnico-dell-a-respeito-de-notebook-v/ …
-1;Aí seu notebook novinho dá pau... e vc descobre q tem um monte de gente na mesma situação... NUNCA comprem Dell! #erro0xc000021a
-1;"@DellAjudaPRO meu notebook não liga mais!! Trava na tela de inicialização ""dell"" e não funciona mais, oq eu faço?!"
-1;Dell, pelo amor de deus troca o meu notebook, vai ser a terceira vez que eu preciso chamar a assistência técnica. 13js
-1;e esse notebook dell xps 13 que é tipo um macbook com windows ein
-1;Notebook Dell continua dando defeito: http://youtu.be/02w_F1pcByE?a  via @YouTube
-1;a Dell me deu 1 ano de Kaspersky grátis em CD por ter comprado um notebook, que não tem drive de CD :\
-1;@GordoGeek Caso parecido com a Dell e a frente do leitor de DVD do notebook. Queriam que enviasse pra lá, pagando preço de um drive completo
-1;Notebook da Dell é fuleirão
-1;Defeito LCD Notebook Dell Inspiron 14R (5437, Mid 2013) - Defective Dell Notebook (Jul2015): http://youtu.be/K8VHUKr2TFY?a  via @YouTube
-1;2 anos após ter comprado o notebook, eu encontrei a entrada pra cartão de memória. Culpa da Dell.
-1;Nao sei se é a @Dell  ou se é o @Windows  8 , mas meu notebook atualizou e simplesmente não liga
-1;adivinhem? meu notebook deu pau no windowss e agora vou ter q esperar a dell me enviar um cd do windows ate sexta
-1;O notebook que eu acho super lindo da Dell veio para o Brasil. Mas: Sem placa de vídeo e com configurações toscas.
-1;Sem notebook de novo... Parece brincadeira de mau gosto. #dell
-1;Quem disse pra Dell que isso que eles fazem é um notebook? Parece mais uma sanduicheira, vive travando essa porra.
-1;Dá uma olhada nessa reclamação contra Dell Computadores do Brasil no @ReclameAQUI - ... http://www.reclameaqui.com.br/13724177/dell-computadores-do-brasil/notebook/ …
-1;Sonho: notebook da Dell Realidade: PC quebrado
-1;tô há 35 minutos conversando por telefone com o técnico da Dell, procurando uma solução para o meu finado notebook
-1;Reclame Aqui - Dell Computadores do Brasil - garantia de notebook, já e a quarta vez MEU DEUS http://fb.me/47HRRfSEJ
-1;Tenho um notebook de última geração, porém não tem entrada pra CD, essa Dell pensa que sou rica pra ficar comprando programas caríssimos ??
-1;Que saudades do meu notebook da HP, esse Dell é uma bosta, que sacoooooo
-1;@simpson_yuri eita mano... Notebook da Dell é foda vei kkkk, vc é um felizardo hahhaha joga na mega-sena logo kkkk
-1;maior arrependimento da minha vida foi ter dado 4 mil reais no notebook da dell. jesus, tira essa raiva de mim!!!!
-1;Esse notebook da Dell é uma verdadeira merda
-1;Entro no site da dell com a intenção de comprar o notebook mais barato, aí eles fazem a comparação com os mais caros...
-1;Notebook Dell, um monstro de performance, um bosta pra sinal wi-fi
-1;Depois de 56 (!) minutos com o suporte telefônico da Dell, terei q enviar o notebook para a assistência.
-1;Meu notebook não ta ligando @Dell ?
-1;Dá uma olhada nessa reclamação contra @DellnoBrasil Computadores do Brasil no @ReclameAQUI - ... http://www.reclameaqui.com.br/13629753/dell-computadores-do-brasil/notebook-dell-aparelhos-de-terceira-categoria/ …
-1;Torcendo pra Dell agilizar logo minha situação pra eu não precisar ir no Procon. Tanto problema só pq eu quis comprar um notebook bom.
-1;Por isso não gosto desse notebook Dell, vive pedindo atualização e demora um ano pra ligar depois
-1;Tô há quatro meses com o notebook da Dell e os graves do som já estão fodidos.....................
-1;Vou mandar esse notebook de volta pra DELL com uma bomba atômica dentro, porque é uma porcaria mesmo
-1;Meu notebook Dell tem um diacho de um programa em segundo plano de recovery que não tem nenhuma opção de desativar.
-1;VAI TOMAR NO CÚ! SÓ PASSO RAIVA COM ESSA MERDA DE NOTEBOOK!!! Jamais comprem produtos Dell, é uma bosta!
-1;. @Dell R$ 1.603,29 pra trocar só a tela de um notebook que custou R$ 2399? Cês tão de zoeira?
-1;@rbnave eu to jogando num notebook dell 2010 podridão edition
-1;eu comprei um notebook da @Dell e mano oficialmente pior bosta que eu ja comprei na vida
-1;Aí não sei se fodo com a dell ou se com o pessoal que formatou meu notebook, socorro
-1;Meu notebook da Dell, chegou a uma semana aqui em casa.  Not novo, vindo da loja e já ta dando defeito... Oh marca bosta essa Dell
-1;quero trocar meu notebook, não gostei desse da Dell quero um HP dnv ??????
-1;Compre um notebook da dell e de brinde ganhe 24 meses de dor de cabeça ou sofra com ela até trocar de notebook :)
-1;Ativei as configurações do TouchPed do notebook. Fui pra casa da namorada, voltei, me deitei e agora que apareceu a janela de opções. #Dell
-1;Meu notebook Ta pedindo pra ser jogado pela janela. @Dell ainda essa porra. Paguei horrores. #sextacomvalentinosdv
-1;JAMAIS comprem NOTEBOOK da @DellnoBrasil @Dell @DellCares. Porque as máquinas estragam em menos de 1 ano e eles não consertam! #DELL #LIXO
-1;NUNCA, mas JAMAIS comprem NOTEBOOK da @DellnoBrasil @Dell @DellCares. Porque as máquinas estragam em menos de 1 ano e eles não consertam!
-1;Troquei 6 por meia dúzia, achei que trocando meu notebook da Dell pelo da Samsung ia me livrar de problemas. PORRA NENHUMA.
-1;Comprei um notebook fudido da Dell, paguei a vista e me deram prazo de até 20 dias para entrega.
-1;Na verdade tudo isso é culpa da Dell, porque se a Dell fizesse uma bateria decente que não viciasse tão facilmente, o notebook teria ido
-1;Dá uma olhada nessa reclamação que eu fiz contra Dell Computadores do Brasil no @ReclameAQUI - ... http://www.reclameaqui.com.br/13372457/dell-computadores-do-brasil/notebook-manchado-com-menos-de-4-meses-de-uso/ …
-1;E o pior é que paguei caro numa configuração mais parruda pra depois ficar essa carroça. Na boa, não comprem notebook da Dell.
-1;terceiro notebook dell que da problema com internet wi fi aqui em casa
-1;adeus notebook dell escroto cheio de vírus descanse em paz
-1;Notebook DELL inspiration 15 é uma roubada, não comprem. https://youtu.be/pGzYYTXMHu0  via @YouTube
-1;reiniciando teu cu notebook dell fdp!
-1;comprei meu notebook da dell fez 1 ano e já tá um lixo eu quero meus direitos repassem até chegar na dilma web diva tulla nyle
-1;eu burra, paguei quase 300 reais num antivirus que veio note DELL,  @DellAjuda que nao serve muito e ainda tem uma maldita listra notebook
-1;Só queria que o meu notebook NOVO funcionasse e que a Dell me desse um novo em vez de ficar mandando técnico e pedindo pra eu fazer testes.
-1;Dá uma olhada nessa reclamação que eu fiz contra Dell Computadores do Brasil no @ReclameAQUI - ... http://www.reclameaqui.com.br/13299009/dell-computadores-do-brasil/notebook-nao-funciona-esta-na-garantia-e-a-dell-nao-resolve/ …
-1;Nunca mais compro notebook da @Dell, meu core 2 duos era mais rápido que esse i5.
-1;Notebook #dell sem teclado #abnt2 desanima... :-(
-1;Meu Notebook está uma lástima ,acho que o PELE elogiou a DELL
-1;E esse fast acess da dell que tu desinstalá do notebook e quando vê já ta lá instalado de novo
-1;Desinstalei a atualização Dell e o notebook parou de travar... Olha a Dell querendo travar meu notebook com atualizações de touchpad
-1;Instalo uma atualização da dell e o meu notebook começa a travar inteiro
-1;meu notebook ta muito lento to me sentindo enganado pela dell porque me fizeram uma propaganda enorme dessa coisa
-1;Eu deveria ter comprado um notebook Hp, mas fiz a besteira de comprar um Dell.
-1;Notebook Dell não compro mais.Toda hora abrem avisos d atualização/backup do sistema q nao servem p/nada.Querem ganhar vendendo inutilidade.
-1;A Dell ta conseguindo meu ódio com esse vostro 5470, tenho um problema atrás do outro com esse modelo de notebook
-1;Em 2009 compramos um notebook Dell por R$2.500, 6 anos depois não vale nem 10% ou R$250.
-1;Nossa, só reparei agora o tanto de software da Dell que tem nesse meu notebook. Jesus, é muita coisa.
-1;Foi só comprar a memoria pro macbook e q meu notebook da dell largou mão e parou de trabalhar
-1;Pense duas vezes antes de comprar um notebook de quase R$2mil da @Dell . Se não tiver configuração pik das galáxias, vc vai chorar.
-1;Uma das piores compras que eu fiz, foi ter comprado um notebook da Dell. Não caio mais nessa, nem com pão doce.
-1;Comprei um notebook da Dell tem 5 meses. Já perdi umas 40 horas da minha vida pra tentar resolver um problema com eles.
-1;Notebook Dell, por que tão complicado?
-1;Ok, formatei o notebook com o sistema da própria Dell e a webcam continua sem funcionar. Aí vou pro Linux e ela funciona.
-1;Primeira grande coisa ruim do meu notebook novo: a Dell não oferece driver pra webcam, ela só funciona com o driver genérico do Windows.
-1;Jaque Menezs retweetou Dell Ajuda Por isso não indico a ninguém comprar #Dell. Estou com #notebook encalhado???? #ficadica Jaque Menezs adicionou, Dell Ajuda @DellAjuda @JaqueMenezs não temos assistências técnicas nas regiões. Por favor, neste caso, pedimos que procure o Suporte no 0800 970 3355 opção 3. ^RP
-1;Nunca mais compro notebook da Dell.
-1;Paguei quase 3 mil reais num notebook top de linha da Dell pra ele ficar esquentando e desligar quando eu mudo a posição da tela.
-1;Cara, eu e o Google manjamos mais de arrumar meu notebook do que o suporte da Dell, just saying ????
-1;Minha colega comprou o mesmo modelo de notebook da @Dell que eu e praticamente no mesmo período, eles vivem travando...
-1;O mesmo Notebook da Dell a dois meses custava 2599,00 hoje esta 2.899,00 e olha que é um I5.A Dell ta sentando o sarrafo.
-1;30 dias para entregar um notebook DELL? (¬¬')
-1;@DellnoBrasil há 1 ano sem a placa mãe Dell Vostro 1710 Notebook PARADO Dell nada
-1;A pior entrega que já tive foi de um Notebook da Dell como era customizado o prazo era de 30 dias, chegou no 30° dia.
-1;Olho um notebook na dell, em uma semana tava 2700, na outra 2900, hoje ta só 3400 reais
-1;A tela do meu celular é bem melhor que o do meu notebook da Dell , que horrível
-1;Se tem uma coisa que tenho ctz na vida é: se sua intenção com um notebook é conectar-se a internet via Wifi, NAO compre Dell
-1;Para de me mandar carta dell não vou comprar outro notebook Para Serio Para  Link permanente da imagem incorporada
-1;Madrugada ajeitando um notebook. Depois de tanto quebrar a cabeça, finalmente arrumei a solução pro ubuntu 64 bits no notebook DELL.
-1;cara, eu nunca usei um dispositivo com uma conexão wifi tão ruim quanto a desse notebook dell. enquanto TUDO pega 4 barras, ele só pega 1
-1;@DellAjuda Olá Dell, algumas teclas do meu notebook nao estao funcionando, como as letras c,v,m, Enter, Shift. como resolver?
-1;Ubuntu não se dá bem com o hardware desse notebook DELL inspiron ??
-1;cara, a tela do notebook dell é ruim demais. só dá pra enxergar em um ângulo específico.
-1;Preciso do meu notebook funcionando @Dell
-1;algum amg aqui tem notebook dell e tem problemas toda vez que o PC sai do modo sleep?
-1;Comprei uma bateria nova pro meu pc, pq não to afim de comprar notebook novo. Mas esse site da Dell é insuportável!
-1;gente nunca comprem notebook dell as bateria nao duram 2 anos serio
-1;A tecla DELETE do meu notebook DELL tá com defeito. Quando não funciona fica pressionando pra excluir tudo o que eu seleciono. E agora?
-1;No chat online da Dell Eu: Acusa erro no hard drive, não acessa o windows. Técnico: Ok. Vc está no chat através do notebook?
-1;Meu notebook dell não está entrando no Windows. E olha que eu desliguei ele certinho ontem a noite.
-1;notebook dell muito rui cores rui brilho de tela rui
-1;proximo notebook vou comprar da acer pq dell nunca mais que coisa horrivv
-1;@rafabarbosa Ultrabook dá Dell não Ultrabook, é um monstro como todo notebook. Viaja no peso nas especificações! :s Eu curti um da LG.. :x
-1;@Dann_Cardoso o foda é que o ultrabook que eu vi da Dell aqui, que vale a pena comprar, custa o DOBRO de um notebook top de linha =(
-1;juntando isso aos preços atuais da dell, acho que vou ficar o resto da vida com esse notebook, porque olha..
-1;uma dica pra vida: nunca comprem notebook da Dell e nem paguem garantia estendida. @DellAjuda @DellnoBrasil @DellAjudaPRO
-1;nossa como odeio esse notebook sdds o meu da dell não sei oq meu pai arrumou com ele
-1;Resoluções para a vida: nunca comprar notebook Dell ou celular Samsung.
-1;#Dell  #Lixo Tô pensando seriamente em devolver meu notebook... Ele ainda não chegou, mas pelo que vejo...  Link permanente da imagem incorporada
-1;O meu notebook da Dell mal chegou e eu já tô quase arrependido da compra... Pelas reclamações que vi ele só vai me dar dor de cabeça. kkk
-1;será que a dell me dá um notebook novo porque o meu do nada agora desliga sozinho mesmo com 99% de bateria
-1;@giselerebelo Já tive Dell e ainda tenho um notebook HP.  Fuja da Dell e da HP. Lenovo é o melhor em tudo.
-1;no momento estou eu na fila do suporte técnico online da Dell pois o microfone do meu notebook aparentemente não existe.
-1;#omg Ainda ñ consigo navegar na internet no meu notebook @DellnoBrasil @Dell Atualização de drivers e troca de placa ñ resolveu o problema!
-1;Tenho um notebook DELL e não consigo desativar o microfone interno. Quero usar fone externo e não consigo. Suporte não consegue, como pode?
-1;Eu nao aguento mais entrar em contato com a Dell Brasil pra resolver um problema no meu notebook. Toda vez me dão... http://fb.me/77GO3Cuzq
-1;Como a assistencia tecnic sumiu com meu notebook, preciso de um novo, alguem indica uma marca boa sem ser dell  ou apple (caro demais p mim)
-1;Se forem comprar algum computador ou notebook, não comprem na Dell. Preço alto que não compensa e suporte técnico terrível. 0 retweet 1 curtiu Responder   Retweetar    Curtir  1
-1;Esperando deitado por uma promoção da @DellnoBrasil , para fechar negócio... To vendo que meu notebook não será #Dell .
-1;Vou comprar um Notebook da HP. A Dell é uma merda, tenho um ódio fodido dessa empresa fdp
-1;e os programa da dell q vem instalado no notebook  e fica travando o audio
-1;@DellAjudaPRO meu monitor de notebook da Dell novo está com uma linha clara e horizontal.
-1;Não, nãããããããooooo!!! Dell, eu não quero comprar notebook. Comprei um novinho em folha no fim do ano passado.
-1;Aparentemente meu notebook Dell é um dos poucos que simplesmente não funcionam con o Microsoft Wireless Display Adapter
-1;Comprei um notebook da DELL que não vale. Ligo na assistência, mando email e eles não retornam .. Só estou falando isso para alerta-los
-1;Seus notebook é uma bosta @Dell
-1;Sobre o touch do mouse do meu novo notebook Dell, to achando uma droga, mas pelo custo benefício, não posso reclamar acho :/
-1;Dá pra comprar outro notebook novo cm o valor deste reparo da Dell.
-1;P/ quem tem notebook @Dell  se prepare: qdo sua máquina fizer + de 5 anos, a DELL te vira as costas, só te resta jogar fora! #Chatiada
-1;A Dell me manda dois emails por dia, acho que eles sabem que meu notebook não tá mais funcionando e tão tentando me vender outro!
-1;E o suporte da @dellnobrasil que ligou pro numero errado, a pessoa q atendeu disse q tava ok o notebook e a dell encerrou o meu chamado?????
-1;quero processar a dell pelos tweets sobre o horário de verão perdidos pq meu notebook reiniciou
-1;Tive problema semelhante com um notebook da dell. A tralha de 500mb de drivers e aplicacoes de suporte do leitor de impressão digital nao…
-1;Meu notebook não tem nem 6 meses e já está hibernando com 7% de bateria. Maldita DELL
-1;Não tenho paciência pra dell querendo analisar o sistema do notebook ?
-1;Alguém tem notebook Dell e sabe como tirar essa caralha desse brilho adaptavel?
-1;@Dell Deixo aqui a minha insatisfação com a DELL e com o técnico que fez atendimento na garantia de meu notebook. Nro RS: 898255867
-1;Meu notebook da Dell, que não tem nem 2 meses de uso, desligou sozinho e o meu coração parou junto.
-1;"Comprei um notebook Dell, não me entregaram. Decidi levar o antigo para o conserto; economizei R$ 1.600,00 [grato pela ineficiência, Dell]"
-1;galera nao comprem NoteBook da @Dell @DellnoBrasil porque no futuro quando vc quiser atualiza-lo nao vai poder......
-1;nossa eu acho que o Juninho (famoso cara do chat da dell) nunca viu um notebook na vida, me pediu várias ~fotos do equipamento~
-1;Já tinha até esquecido do meu notebook kkk ae recebo um email da dell informando que só hj que começaram a arrumar ele
-1;Nada do notebook que eu comprei chegar, e ninguém da Dell me dá uma explicação convincente, portanto: compra cancelada.
-1;existe notebook da dell por 15 mil reais gente meu deus
-1;E eu q havia comprado um notebook @Dell apostando no suporte rápido, dancei. Saudades dos meus Sony Vaio.
-1;Lá vai o role de ligar para a dell.... Aí falar o código lá... Falar que tenho garantia... Falar que não o notebook está sem carga alguma...
-1;Uma vez fui fazer o upgrade de um notebook meu Vista para Win7, e nenhum dos drivers oficiais da Dell funcionava mais.
-1;No momento em mais uma das minha cerca de 15 ligações pra tentar resolver o problema do meu notebook com a dell
-1;Agradeço quem quiser me dar um notebook novo mas dessa vez não quero Dell, péssimo atendimento pós venda e a bateria uma bosta
-1;Eu falo que a Dell não sabe fazer carregador de notebook que dure mais que o mesmo porque na 1ª vez que deu problema eu vi que MUITAS +
-1;"@Davireisilva sim. Mas isso não me diminui o ódio com a dell que não sabe fazer carregador que dure mais que o notebook -_-"""
-1;Tenho que mandar outro email pra dell porque meu notebook ta com problema no lcd de novo que inferno
-1;Carolho a dell demora mto pra entregar um notebook
-1;a diferença entre pedir pra Dell trocar a tela do meu notebook e eu mesmo comprar uma pelo mercado livre e trocar é maomeno mil reais
-1;Além de vir com Baidu PC Fast, o notebook da @DellnoBrasil ainda tem seu próprio e horrível sistema de recuperação de fabrica. #FAIL @Dell
-1;Sugiro que não comprem notebook ou qualquer outro aparelhos da Dell... nada funciona, só problemas. — se sentindo... http://fb.me/1GT0j21bJ
-1;tenho dois produtos DELL( um notebook e um tablet) o tablet quebrou o touch,ao tentar conserta-lo, a surpresa, a DELL não possui credenciada
-1;Dell me vende um notebook com problemas e fica criando dificuldades pra resolver o problema. NUNCA MAIS.
-1;Vou conversar amanhã com o cara da Dell pra ver se o tecnico vai vir aqui em casa TENTAR arrumar o problema do notebook.
-1;Comprei uma bateria da @Dell para notebook. Veio errada e danificada e a Dell não troca pois já se passaram 7 dias apos o recebimento. Foda!
-1;Serio que vocês nunca precisem desmontar um notebook da Dell, acabou de desmontar o meu aqui e posso disse que foi foda!
-1;E todo mundo sabe que o que mais mata notebook é temperatura. Os da HP e Dell esquentam até o processador forçar desligamento.
-1;Tu paga 3 pau em um notebook da Dell e essa bixiga tá mais lenta que o meu antigo pc com celeron, wtf?
-1;A @DellnoBrasil me vendeu um notebook com defeito. A troca deve estar vindo da China. A pé. Já são quase 30 dias. E aí? @Dell
-1;Recebi um email da dell dando parabéns por ter adquirido um notebook há um mês. Sendo que ele nem ta funcionando :((((
-1;Fui levar meu notebook pro correios agora só esperar a dell arrumar e mandar ele bom ... E sinto que vai demorar!
-1;Nunca + vou comprar notebook da #Dell novamente.
-1;hd do meu notebook da @dell estragou em um ano de uso. gg.
-1;tu olha o preço do MacBook e pensa: vou ver o preço do Dell... você ve os preços do Dell: - eu mesmo arrumo meu notebook u.u
-1;sem condições com esse notebook, amanhã vou ligar pra assistência da Dell vir aqui e arrumar esta bela bosta
-1;Vai tomar no cu dell do caralho nao aguento mais. Segundo notebook com problema no mousepad
-1;@MicrosoftBr A atualização do meu Win8 para o 10 (originais) NOVAMENTE danificou meu note. Quem pagará o reparo de R$ 700 da Dell?
-1;@Dell @DellnoBrasil parabéns pelo péssimo serviço de Hell Desk! Etiqueta no fundo do note apaga, a culpa é do cliente que comprou com vcs?
-1;Talvez trocar o note não tenha sido uma boa opção. Rodava de boa no HP, agora no Dell... dells me livre, aff!
-1;E a porra do note da #dell estragou de novo! #delllixo #notedell #lixo
-1;A Dell não está agindo de boa fé comigo. Renoveu o suporte do meu note até 2016 e depois de 30 meses exigem NF pra me atender
-1;@hey_mika É SIM! Eu tenho um note Dell e SEMPRE da problema no WiFi
-1;vou ter que chamar o técnico da Dell pq a tela do note ta com uma pintinha aff e eu que ja comprei logo a dell pq pensei nao dar problema
-1;Eu tenho um note antigo da hp aq que tem uns 5 anos e ainda funciona blz. Só é lento. Aí o Dell me apronta uma dessas.
-1;Só confirmando... #Dell nunca mais! #jaeras o note https://instagram.com/p/6mr4iotwgC/
-1;@vieiracamila, pior eu que tenho o meu celular com Android e meu note @Dell, com menos de 1 ano de uso, mas já os odeio tanto todo dia.
-1;Acho que na próxima vez que for comprar um note eu cruzo a fronteira, mas não compro mais com a Dell. Que bagunça...
-1;@ruisantoos como a @Dell sabe que eu sou fresco e sempre vacila pra entregar meu note?
-1;Um note de 18 meses com 4GB de memória não suporta 1 firefox e 2 planilhas.Como vou trabalhar dessa forma? @DellAjudaPRO @Dell @MichaelDell
-1;Descaso total da @dell @DellAjudaPRO @MichaelDell comigo. Paguei o NOTE a vista! E ainda solicitei assistência residencial. Nunca vieram
-1;@fabiohara Hara desculpe incomoda-lo... tenho um note dell e após atualizar para windows 10 ele simplesmente não liga!! modelo inspiron 14z
-1;Vejo muito chupa rola de Dell pqp, não é pq teu note e da Dell que ele vai ser bom. Ainda mais Inspiron, malz ai
-1;Atendimento porco! Não recomendo a @Dell pra ninguém mais! Decepcionado! Precisando urgente do meu note, comprometendo meu trabalho...putz
-1;@telmachristiane esse foi o meu primeiro note Dell. Não foi uma experiência muito boa. Tenho um outro Acer que nunca deu problema.
-1;Alegria com o Win10 no note > Vejo q nao consigo mais ajustar o brilho da tela > descubro que a Dell não atualizou todos drivers > fudeo
-1;A @Dell se recusou a prestar suporte do meu note pois atualizei meu Windows para o 10 com a chave fornecida por eles mesmos! Que escroto!
-1;"@platoniaco Aham!! E eu dei azar acho meu note vive dando problema e a assistência da Dell fala que é "" incompatibilidade com W 8.1"""
-1;não estou conseguindo assistir séries no note, Dell seus inuteis
-1;Nunca vi um note recém novo travar como esse velho, ainda é da Dell
-1;A maldita dell não me deixa carregar a bateria do note. E amanhã não vai ter luz.
-1;Eras a Dell demorar menos pra atualizar o note. Isso eras muito.
-1;@tocadolobo @proveisso meu note dell também começou a reiniciar do nada com o problema 0xc000021a :(
-1;Pela terceira vez em 9 meses, recebo a visita do suporte da #Dell e fico, mais uma vez, sem note. Nada resolvido. Obrigada, @DellnoBrasil
-1;Eu achava que a @Dell era boa, até HD de 1TB do meu Inspiron 14 morrer de vez... E agora, será que eu compro um Acer como meu próximo note??
-1;E esse meu note novo, i7 quinta geracao, ssd e a porra da webcam nao funciona (y) que beleza hein dell
-1;jess retweetou Dell no Brasil Gnt n confia nesse papo da Dell de melhor suporte n, os técnicos fizeram uma zorra no meu note e eu tive q me virar  jess adicionou, Dell no Brasil @DellnoBrasil O futuro da sua empresa depen
-1;Cara não é pq tenho note da dell que quero propaganinha de 5 em 5 min no meu pc obrigada denada
-1;Qual é o problema da Dell com o Windows 8.1, hein? Já é o segundo note que vejo que dá problema com essa versão...
-1;Ainda tô processando o que a Dell queria me cobrar pra trocar a tela do meu note!! Sério!! Tô chocada!!
-1;A Dell enlouqueceu! Quer me cobrar R$ 1.603,29 só pra trocar a tela de um note que paguei R$ 2.300! Choro ou do risada?
-1;NAO DE DELL https://notegraphy.com/Wifilles93/note/1837870 …  Link permanente da imagem incorporada
-1;@coisasdogeek @DellnoBrasil Eu gostava mais da Dell quando era possível montar o PC/note com as configurações desejadas.
-1;pelo amor e Deus! como a Dell faz note tão ruim. sos ! MAC
-1;Por que note da dell e tão ruim?
-1;Meu note era tao bonitinho quando chegou..agora ta uma desgraça pra remover todos esses virus. Quase mandando pra dell ):
-1;@PeleArrepiada @Dell Meu note tá com 2 anos e 2 meses. Já tá caducando. Que é isso!!! Praticamente só uso word e internet!
-1;Caraca o meu note tá dando #trabalho para o #tecnico.  Isso porque é #dell...
-1;eu burra, paguei quase 300 reais num antivirus que veio note DELL,  @DellAjuda que nao serve muito e ainda tem uma maldita listra notebook
-1;ALERTA! Não comprem no Site da Dell! Comprei meu note 500 Gb no site Dell e achei no Site EXTRA mais barato e com 1T  Link permanente da imagem incorporada
-1;Dá uma olhada nessa reclamação que eu fiz contra Dell Computadores do Brasil no @ReclameAQUI - ... http://www.reclameaqui.com.br/13299560/dell-computadores-do-brasil/dell-nao-atende-seus-clientes-note-parado-ha-20-dias-se
-1;Tentando recuperar meu note com a @Dellajuda mas ta difícil. @ReclameAQUI - ... http://www.reclameaqui.com.br/13267513/dell-computadores-do-brasil/sem-suporte/ … Ver resumo
-1;1 hora e 46 min foi o tempo q fiquei no tel com o cara da dell pra dar um jeito nesse note, o ruim só foi o fato de não ter viva voz nessa p
-1;@CadeANess @KevinMonteiroo tenho um pc dell e eh so amor mas recentemente comprei um note e com 15 dias tava travando. Resumindo: PROCON ?
-1;nada pior que acordar ligar o note e descobrir que queimou a placa wifi </3 #dell @DellAjuda
-1;@DellnoBrasil Dell desrespeita consumidor, Conclusão: compro o note direto da Dell e mesmo depois da garantia sou obrigado a manter sua +
-1;Pelo menos vou vender finalmente meu note Dell, não quero nem cheiro dessa marca perto de mim nunca mais
-1;Comprei um note dell pouco antes de eu viajar de férias. Voltei domingo agora. O bicho já ta dando problemas. Pqp, sabe?
-1;Dá uma olhada nessa reclamação contra Dell Computadores do Brasil no @ReclameAQUI - Técnico au... http://www.reclameaqui.com.br/12977428/dell-computadores-do-brasil/tecnico-autorizado-destruiu-meu-note-na-garantia-e-a-del
-1;Sério Dell, eu tenho que decorar a quantidade de apitos que o retardado do meu note da ?
-1;Aff que bosta, meu note ta travando muito, de um jeito anormal... Porra é um Dell! Não era pra ser assim!
-1;Recebo tanto e-mail da Dell q qdo for comprar outro note, escolherei qualquer outra marca! #cansei #peguei_nojo
-1;Eu simplesmente não encontro no site da Dell como faço pra solicitar o suporte deles, pq meu note tá com problema numa das portas usb dele
-1;Meu note dá dando umas travada monstruosa. Mas não consigo atualizar os hardwares pelo site da dell, sos
-1;Então né, eu cliquei num negócio e o note reiniciou(ele tava fazendo algo de backup dell sei lá) aí né, foda
-1;A Dell cobrando a pequena quantia de R$ 1.500,00 pra trocar o lcd do meu note.  Existem várias formas de assalto, realmente..
-1;O @DellAjuda é a última esperança. Comprei Note c/ Office 2013. A Dell não mandou chave do produto e ainda me diz p/ resolver c/ a microsoft
-1;Cuidado com a Dell. Adquiri um Note Dell com Office incluído.  Não mandaram a chave do produto e ainda me mandam falar com a Microsoft .
-1;achava que a Dell era a menos pior dentre os notebooks e to a um ano quebrando a cara com o note indo e voltando da assistência
-1;Socorro, esse note da Dell sai o som EMBAIXO. Por que, designers, POR QUÊ???????????
-1;Me dá vontade de chorar quando eu percebo que o note. novinho que eu comprei da @Dell esta com problemas desde a 2ª sem. e eles n fazem nada
-1;Gente, a dell demora montar um note ein! #oh
-1;@DellAjuda Meu note Dell está dando 8 bips seguidos muito altos a todo momento, ele funciona perfeitmente mas acho q pode ser algum problema
-1;Preciso formatar meu note urgente. Mas essa dell é tão chata que se eu tentar formatar é capaz de ferrar ele mais ainda ?
-1;bateria do meu note dell parece que foi pro saco...mais essa...
-1;@SeuAssis só recomendo, se comprar dell, que se certifique que existe mesmo placa off, quando chegar o note.
-1;"Eu tava com um probleminha no note.Consultor da Dell falou q não tinha nada de errado.Agora o sistema está sendo restaurado por erro dele ;)"
-1;Pq os note da dell com intel i5 é tão caro? Ai q injusto, o i7 então nem se fala
-1;Dell, pior touchpad, pior conexão pra fone, pior processador ever. Que raiva desse note.
-1;Absolutamente irritado com a @Dell . Devolveram o note nem a manutenção e às vésperas do vecto da garantia.
-1;Formatando Note em Pleno #Domingo #Sofrencia #Dell #Inspiron #CasaDeFerreiroEspetoDePau  Link permanente da imagem incorporada
-1;A Dell me coloca 16gb de RAM e uma HD de apenas 5400rpm. Aí essa m* de note parece que é valvulado. Preciso comprar uma SSD urgente
-1;Frustado com o atendimento da Dell. Note c/ 3 semanas deu problema no carregador. Suporte ficou de me enviar um novo... @DellAjuda
-1;Precisa de suporte @Dell no fim de semana? Esqueça! Problemas no carregador do note novo na sexta noite, esperando ate 5 dias p repor!
-1;Queria muito que fosse mais rápido a atualização do note. A Dell só fode os caras.
-1;Cara da Dell ta aq troocando as peças do note(de novo). Espero q resolva dessa vez
-1;É a segunda vez que meu carregador para de funcionar misteriosamente. Dell só sabe fazer computador porque acertar no carregador de note...
-1;Meu note ta uma bosta, tenho que chamar a assistência da dell aqui em casa mas amanha to indo pra praia. Nem sei o que fazer
-1;Dois anos de note estragado e agora nem o reembolso e feito.Espero que a Dell se retrate e faça a coisa certa.Vou ficar aguardando....
-1;Como está essa análise @Dell @DellnoBrasil @DellAjuda @DellAjudaPRO ? A demora é de acordo com a competência? @Reclame_AQUI @entregadificil
-1;A @DellAjuda @DellAjudaPRO @Dell @DellnoBrasil confundi análise com terapia, quanto tempo vc levam p analisar?
-1;aí que not lixoooooooooo dell bosta
-1;Como se não bastasse meu celular estar estragado estragou o not também
-1;Essa merda de not novinho já ta dando problema. #Dell :/
-1;som do not da dell é baixinho, vou ter q largar uma gambiarra e conectar no som
-1;@DellnoBrasil @DellAjuda amigos estou com o segundo not defeituoso vendido pela DELL a mais de 10 dias tentando contato e sou enrolado
-1;EU TO ODIANDO TANTO A DELL POR NAO TER MANDADO O NOT AINDA PQ EU PODERIA TER VOTADO MAIS #WorthItVMA
-1;Comprei um not da dell,foi encontrado um problema, a quase um mês que tento resolver e não consigo, pois o suporte e horrível
-1;Esse Not da Dell nem presta sapoha Ta com problema de Junta!
-1;Meu notebook da Dell, chegou a uma semana aqui em casa.  Not novo, vindo da loja e já ta dando defeito... Oh marca bosta essa Dell
-1;ñ sei porque a #dell nunca fez os teclados dos seus not com luzes de led
-1;@marcuspessoa eu uso linux, e assim, quando comprei o not a dell só faz venda casada com windows.
-1;to tomando cada susto com o simbolo da Dell na tela do not ??
-1;linha de pc's / not's dell vostro não presta, haja paciência pra instalar os drivers  =X
-1;Not não tem nem 2 meses de uso, é já ta pipocando e olha que é da Dell
-1;Cara,as baterias dos not da dell não presta, já tive dois, e os dois são ruins
-1;"já está bom de ""zica"" tecnológica: dell c placa mãe em curto, acer c processador queimado, not novo travado pra w7, 2 pendrives queimados."
-1;MDS um not da dell 2.900 com esse dinheiro junto mais um pouco e compro um mac
-1;to na pira de arrancar este adesivo da Dell do not, afinal ta colando na minha mão esta merda
-1;Getting #spam from @Dell, but its not in English, so I cant read it. Está procurando acessórios básicos? #WTF #DellSpam
-1;A tela do not fico preta, ai liguei na dell pra resolve e agora to aqui no telefone ja faz mais de 1 hr
-1;Fui no site da Dell pra comprar um Not, vi e ja comprei, ai fui na Americanas bisbilhotar e o mesmo not ta absurdamente mais barato
-1;Dá uma olhada nessa reclamação contra Dell Computadores do Brasil no @ReclameAQUI - ... http://www.reclameaqui.com.br/14658650/dell-computadores-do-brasil/notebook-vostro-5470-com-problema-que-nao-tem-solucao/ …
-1;@Dell agora é Procom! Nem Reclame Aqui adianta mais! Fiquem atentos! Não comprem! Não presta! 3 dias esperando retorno, sem solução! 0 retweet 0 curtiu
-1;Reclame Aqui - Dell Computadores do Brasil - Equipamento com problema desde a aquisição http://fb.me/1Dc0didjI
-1;E eu que sempre recomendei a Dell. #QueDecepção http://www.reclameaqui.com.br/14610673/dell-computadores-do-brasil/brincando-de-lego/ …
-1;Reclame Aqui - Dell Computadores do Brasil - Tablet Dell Venue 7 3741-A10 - Não comprem de jeito... http://fb.me/6OyapnzOv
-1;Reclame Aqui - Dell Computadores do Brasil - Inspiron 14z 5423 parou de funcionar após... http://fb.me/6QAY6D6Sl
-1;Comprar memória pro notebook? Impossível! O jeito é reclamar da Dell no @ReclameAQUI: http://www.reclameaqui.com.br/14509101/dell-computadores-do-brasil/impossivel-adicionar-memoria-ao-notebook/ … @DellnoBrasil @Dell @Dellajuda
-1;Reclame Aqui - Dell Computadores do Brasil - VENDE A GARANTIA E NÃO CONSERTA O EQUIPAMENTO.... http://fb.me/4rQgIBNCv
-1;Não atualizem seus notebooks DELL para o windows 10. Queima a placa-mãe!!! http://www.reclameaqui.com.br/14337742/dell-computadores-do-brasil/dell-inspiron-14z-5423-nao-liga-apos-atualizacao-para-windo/ …
-1;@DellAjuda Agora que fui ver o ranking da Dell no ReclameAqui, só 29% das reclamações voltariam a fazer negócio, acho q entrei em uma furada
-1;Você acha que a @Dell tem notebooks com uma qualidade superior, você está enganado. #dell #dellLIXO #NÃOCOMPREDELL http://www.reclameaqui.com.br/14295761/dell-computadores-do-brasil/notebook-dell-qualidade-ruim/ …
-1;Reclame Aqui - Dell Computadores do Brasil - Preciso da Minha Chave de Ativação e a Dell esta... http://fb.me/4N5neMF6I
-1;Dá uma olhada nessa reclamação contra @Dell Computadores do Brasil no @ReclameAQUI - ... http://www.reclameaqui.com.br/14164806/dell-computadores-do-brasil/suporte-nao-e-confiavel/ … #dell
-1;TO IRADOO!
-1;Reclame Aqui - Microsoft - Windows 10 detonou meu Dell Inspiron 14z 5680 http://fb.me/6I32MAvka
-1;Essa novela precisa ter fim! @ReclameAQUI - ... http://www.reclameaqui.com.br/13747968/dell-computadores-do-brasil/tablet-dell-venue-8-nao-liga-mais-depois-de-carregar/ …
-1;Reclame Aqui - Dell Computadores do Brasil - garantia de notebook, já e a quarta vez MEU DEUS http://fb.me/47HRRfSEJ
-1;Dá uma olhada nessa reclamação contra Dell Computadores do Brasil no @ReclameAQUI - ... http://www.reclameaqui.com.br/13680758/dell-computadores-do-brasil/ultrabook-dell-vostro-5470-led-pisca-sem-parar/ …
-1;Dell - O barato que sai caro @ReclameAQUI http://www.reclameaqui.com.br/13629065/dell-computadores-do-brasil/dell-o-quot-barato-quot-que-sai-caro-atencao/ …
-1;Tentando recuperar meu note com a @Dellajuda mas ta difícil. @ReclameAQUI - ... http://www.reclameaqui.com.br/13267513/dell-computadores-do-brasil/sem-suporte/ …
-1;E eeeu papapapará gostava tanto de você... Dell Computadores do Brasil no @ReclameAQUI - ... http://www.reclameaqui.com.br/13243730/dell-computadores-do-brasil/laptop-sem-as-configuracoes-solicitadas-pacote-office-e-mcaf/ …
-1;DELL - descaso total com o cliente.  http://www.reclameaqui.com.br/12803214/dell-computadores-do-brasil/descaso-com-a-solicitacao-do-cliente/ …
-1;Reclame Aqui - Dell Computadores do Brasil - Item faltante - Compra realizada em 09/02/2015 e... http://fb.me/3JdGst0jN
-1;Dá uma olhada nessa reclamação contra Dell Computadores do Brasil no @ReclameAQUI http://www.reclameaqui.com.br/12744104/dell-computadores-do-brasil/cansada-do-tablet-dell-venue-8/ …
-1;Reclame Aqui - Dell Computadores do Brasil - NAO CARREGA MESMO COM O LED DA FONTE ACESO E VERDE http://fb.me/1WgtivmHa
-1;"A velocidade da ""troca avançada"" da Dell (substituição em garantia) é inversamente proporcional à pressa que eles... http://fb.me/7j5j7cdaR"
-1;@ReclameAQUI @DellAjuda @Dell Chamado aberto e sem previsão de solução.  Link permanente da imagem incorporada
-1;É muito fácil achar reclamações da @Dell @DellAjuda @DellnoBrasil não quer ter dor de cabeça, pesquise! http://www.reclameaqui.com.br/6789969/dell-computadores-do-brasil/problemas-sem-fim/ …
-1;@ProconRJ @ReclameAQUI Estou com um chamado aberto na @DEL desde de fevereiro e aguardando terceira visita há 8 dias.Etiqueta @DELL FKG8G22.
-1;"A @Dell @DellAjuda que manter contato apenas por ""DM"", vejam a imagem. #sqn @Reclame_AQUI @proteste @entregadificil  Link permanente da imagem incorporada"
-1;@dutrX @pontofrio_sac @ReclameAQUI essa porcaria da @dell tem esse trambique mesmo, não poupe o couro deles.
-1;A desculpa agora do suporte @Dell @DellnoBrasil @DellAjudaPRO é que tentaram contato e não conseguiram, estão de brincadeira! @Reclame_AQUI
-1;Desculpas eu já ouvi demais quero solução !!! http://fb.me/1zDEY5kJ3
-1;@SenaRanon @Dell @ReclameAQUI O problema foi dia 05.03, fiz todos os procedimentos, pagamento e só hoje irão AGENDAR a visita do técnico.
-1;Uma dor de cabeça chamada @Dell #PutoDaVida #Revotado #ServiçoPéssimo #Reclamação @ReclameAQUI
-1;Dell nega atendimento aos seus clientes no Reclame AQUI - RA Notícias http://www.reclameaqui.com.br/noticias/noticias/dell-nega-atendimento-aos-seus-clientes-no-reclame-aqui_1243/ …
-1;Não sei nem o motivo pelo qual fui comprar Dell. Já sabia dos problemas. Para quem pensa em cometer esse erro,... http://fb.me/74nsFOFRo
-1;Reclame Aqui - Dell Computadores do Brasil - garantia de 3 anos q nao funciona http://fb.me/3jgofJY8p
-1;Dá uma olhada nessa reclamação contra Dell Computadores do Brasil no @ReclameAQUI - ... http://www.reclameaqui.com.br/11992389/dell-computadores-do-brasil/como-perder-clientes/ …
-1;"um caso lamentável de uma suposta ""grande empresa"" que lança no mercado um produto com incompatibilidades na... http://fb.me/2raFn4mPv"
-1;Dá uma olhada nessa reclamação contra @Dell Computadores do Brasil no @ReclameAQUI - ... http://www.reclameaqui.com.br/11929129/dell-computadores-do-brasil/problemas-com-a-bateria/ … …
-1;E ai? O que a @DellnoBrasil vai fazer a respeito? Via @ReclameAQUI http://www.reclameaqui.com.br/11765480/dell-computadores-do-brasil/dell-nao-cumpre-termo-de-garantia-basico/ …
-1;Reclame Aqui - Dell Computadores do Brasil - Trinca no Touch Screen Display (tela) no notebook... http://fb.me/7akHL9Uc5
-1;Reclame Aqui - Dell Computadores do Brasil - Dell Inspiron 14 sem solução de problemas. http://fb.me/2SyEetUf6
-1;Continuo na batalha: @DellnoBrasil , esteja certa d q não desistirei até acordo satisfatório ou a justiça ser feita! http://www.reclameaqui.com.br/11551979/dell-computadores-do-brasil/total-desrespeito-descaso-e-atitude-de-editado-pelo-reclame/ …
-1;reclamação contra Dell @ReclameAQUI http://www.reclameaqui.com.br/11548179/dell-computadores-do-brasil/diga-nao-a-dell-o-suporte-nao-vale-mais-a-pena-assistencia/ …
-1;Reclame Aqui - Dell Computadores do Brasil - Dell nega atendimento em garantia http://fb.me/3y6oNrpUw
-1;Grande decepção com o Suporte da #Dell #reclameaqui Já!!!
-1;Reclame Aqui - Dell Computadores do Brasil - Dell erra na entrega e não cumpre prazo http://fb.me/6oW8KuPSt
-1;vejam os meus comentários a respeito da DELL no RECLAME AQUI.E vejam o que é a DELL de verdade.
-1;Minha adEvogada @IasmineEidelwei constatou que a @Dell possui o hábito de fazer venda casada. Diversos casos no Reclame Aqui.
-1;@DellnoBrasil @Dell @ReclameAQUI INSPIRON 15 5547 DEFEITO ! VEJAM O VIDEO !!! CUIDADO !!! https://www.youtube.com/watch?v=FrpAW-N0LFA …
-1;@DellnoBrasil @dell @ReclameAQUI  NÃO COMPREM !!! TELA COM MANHAS E SUPER AQUECIMENTO DO TECLADO, LINK FOTOS https://plus.google.com/u/0/photos/101077304909907964160/albums/6099113108751222449 …
1;@pontofrio quero mandar de volta e cancelar a compra, não gostei desse notebook prefiro muito mais um Dell depois dessa HP nunca mais.
1;@Irma_Zuleide notebook gosto da marca dell. Sites: o próprio site da dell, americanas, magazine luiza
1;VOLTA PRA MIM NOTEBOOK DA DELL SEU LINDO SINTO FALTA DE APERTAR SUAS TECLAS
1;Tinha um notebook Dell com falantes JBL e era um show. Troquei por um HP com Beats... FUÉN
1;Vou te trocar, notebook. Foi muito bom esses 5 anos q passamos juntos, love u mas n da p ser assim #dell #2011 Link permanente da imagem incorporada
1;@hey_mika Acredite a Dell é uma das poucas marcas  de notebook que ainda prestam. Tinha um notebook da HP que obsensor Wi Fi derretia...
1;Esse notebook da Dell tem uma tela LINDA, mas dá problema toda hora em driver de vídeo e é o que eu mais uso.
1;@DellnoBrasil compraria fácil um celular da Dell, depois do notebook que comprei amei
1;@olhardigital Boa edição ^^ Mas a minha escolha para o notebook seria a da Dell. ^^
1;Isso sim é um notebook. Mas poderia ser mais fino e leve. http://fb.me/44YKLpZz3
1;Notebook Latitude Dell teve hd substituido e formatado com sucesso windows 7 64bit.  um cliente satisfeito.
1;eu olho pro meu notebook agora e me amaldiçôo por não ter comprado um asus, acer ou um dell
1;Venho por meio desse Tweet q o notebook da @Dell é o melhor
1;Notebook da Positivo é péssimo, credo! Melhor notebook é Dell
1;Finalmente comprei um novo notebook. DELL I7 ❤ SEGUNDA-FEIRA ELE VAI SER MEU!  Muahahaahaja 0 retweet 1 curtiu Responder   Retweetar    Curtir  1
1;Acabei de ganhar um presentão do @alencarfisio um notebook novinho e bem top da @Dell! ??? 0 retweet 3 curtiram Responder   Retweetar    Curtir  3
1;Quando eu for comprar um notebook me lembrem de comprar o da Dell.  * garantia em domicílio.
1;CHEGOU!!! #AlegriaDeCriança #Dell #latitude3450 #PC #notebook #ggwp #happy https://instagram.com/p/6hv_5_CfdK/
1;não se transforma fusca em ferrari, assim como não se transforma notebook positivo em notebook dell.
1;Meu notebook deu um probleminha,    E assim que liguei no suporte Dell,  fui atendida logo,  o técnico que me atendeu foi super lega...
1;cegonha trouxe meu bebê ou seje a dell entregou meu notebook novo estou chorano
1;Vim aqui, pois tenho uma ótima notícia para vocês: teclado do notebook está arrumado. Obrigado aos serviços da Dell, empresa show.
1;Logo um precioso notebook Dell lindíssimo chega aqui em casa tô mt feliz
1;@ComputronNEWS  #YovoyaComputron  esta linda Notebook DeLL
1;Apaixonada pelo meu Notebook?❤️???? #dell #notebook #infostoreba #infostorecomputadores @… https://instagram.com/p/6Fvso8OuGn/
1;Notebook muito bom. Obrigado Dell! Pena que minha mesa quase não é o suficiente pra ter uma TV, um PS3, um PS4 e o Notebook!
1;notebook bom era o meu da dell so deu problema pq queimou por causa de um blackout
1;Quem lembra daquele Dell Adamo XPS? Era um notebook com só 9 mm de espessura. Era meio bizarro mas achava lindo
1;Esse notebook da Dell é quase tão fino quanto o meu chromebook :O
1;tem dois dell inspiron que são os que n são bosta, mas o resto tem tipo 1 hp muito lixo e dois positivo
1;Comprei um notebook da @Dell em 2009 e nunca deu problema, além disso está rodando o windows 10 sem nenhuma dificuldade. Parabéns!
1;Meu notebook voltou apos a atualização sem som... Ai tive que baixar o driver mais atual no site da @dell e rezei... Deu certo! #Windows10
1;o próximo notebook que entrar na minha vida vai ser um Dell
1;Apesar de não ganhar comissão da Dell, estou indicando esse notebook já com Windows 10 essa semana, achei um bom... http://fb.me/3LmgCFtQW
1;dessa vez, o notebook Dell passou pelos testes Bianca™ de qualidade
1;quero um notebook da Dell quero o vermelho
1;O atendimento pós-venda da @Dell não é elogiado à toa. Ambas as atendentes fizeram jus ao motivo da escolha do notebook q minha mãe adquiriu
1;Estava pensando em comprar notebook da Lenovo (@Lenovobr) mas os da Dell (@DellnoBrasil) são incríveis principalmente a edição especial.
1;meu próximo notebook, pqp <3 http://www.dell.com/br/p/inspiron-15-5548-laptop/pd?oc=cai5548w8s1612654brp051ntw&model_id=inspiron-15-5548-laptop …
1;Recomendação de notebook para uso Intermediário: Notebook Dell Inspiron i14-3443-B40 Link de compra pelo... http://youtu.be/pr9kmggvPcw?a
1;MEU FILHO NAO MORREU, SENHOR AMADO FORAM 900 CONTO ECONOMIZADOS NESSE MES DE JULHO, OBRIGADA DELL POR NAO FAZER UM NOTEBOOK TAO PORCARIA
1;Aff preciso MT de um notebook @Dell ajuda nois aí
1;agora que meu notebook, pediu carga, 6h na bateria dell sua linda.
1;@renatadiem Eu tenho um Dell que está funcionando há 7 anos. Ainda está firme e forte, mas virou notebook secundário.
1;@intelbrasil Meu primeiro pc na verdade é um notebook Dell Inspiron com Intel Core i5. #AmorAPrimeiraVista #NuncaVouEsquecer
1;@LeoRdgs @lord_davi bom ponto, mas já tive problema com notebook então quero uma marca confiável, e das atuais só gosto da Dell.
1;Comprei meu notebook da @DellnoBrasil  ? pelo site da  ? @pontofrio ? deve chegar semana que vem?. Comprei dell por confiança na marca.
1;Como uma Ferrari, ultrabook Dell XPS 13 tem potência e preço alto: O Dell XPS 13 não é um notebook para quem q... http://abr.ai/1L340rc
1;Meu notebook tá todo fodido. Tenho é que começar a trabalhar logo pra comprar outro e um outro cel também. Quero outro Dell
1;Notebook da Dell é muito bom ???
1;a propósito, vi um notebook lindo hoje, da Dell, era quadradão do jeito q eu gosto asoidhjasiofd
1;obrigado michael da dell pela atenção migo mas meu notebook voltou a estar bem
1;@confidobrev samsung, sony e dell são as melhores pra notebook
1;Finalmente meu notebook novo chegou! Agora eu 'tou com a @Dell.
1;notebook natinha...http://www.walmart.com.br/produto/Informatica/Notebooks/Acer/493 …... — o segundo! dell eh vida <3 http://ask.fm/a/c919n8lb
1;Desliguei o outro notebook só pra usar o Dell e nossa, que sileeeencio HUAHUAHUAHua
1;tive DELL por 3 anos e meio e foi um notebook muito bom, esse ASUS agora tá me parecendo tão bom quanto :D
1;a melhor coisa do notebook da dell é o teclado iluminado, era um sacrifício digitar no escurto
1;Pessoal, quem precisar de um Notebook pode ir nesse que vale muito a pena: Dell Core i7 com 16gb de memória... http://fb.me/1KAQPUHKv
1;Enfim, a formatação do notebook ficou perfeita. O desempenho está 100% do Vostro 3560. Parabéns a @Dell por deixar os drivers atualizados
1;Boa noite, pessoal! Meu notebook chegou, fiquei até surpreso com a rapidez que montaram e mandaram. Parabéns, @Dell.
1;Nunca, jamais, em hipótese nenhuma troque um notebook @Dell por um @SamsungBrasil #fizbesteira
1;Design é pouco pro XPS 13. Que notebook lindo. http://del.ly/6018B6ZSG
1;Notebook Dell... Agilidade e ótima performance para realizar as mais variadas tarefas.
1;vi um notebook p-e-r-f-e-i-t-o ontem na saraiva, Dell, i7 5ª geração, tela touch, 8G, teclado retroiluminado e virava mesa digitalizadora?
1;Próximo sonho de consumo: Notebook Dell Inspiron 7000. PIREI NESSE NEGÓCIO
1;@noranblt A letra é feia, mas, pelo menos tem o notebook da Dell
1;Alguém me dá um notebook Dell, tô apaixonado por esse teclado molinho e gostoso de digitar, ai tô apaixonado mesmo.
1;saudades de quando eu tinha um notebook da dell
1;Cara meu notebook tá um lixo, preciso de um Dell Inspiron já!
1;4 dias para o meu aniversário. Q foda esse PC né mãe! ? http://www.submarino.com.br/produto/122565536/notebook-2-em-1-dell-inspiron-13-7348-a20-intel-core-i5-4gb-500gb-led-full-hd-13-3-windows-8.1 …
1;A loja Dell deu um notebook novo, de última geração (de uma linha bem melhor do que ela vai comprado), pra minha tia
1;Só compro notebook da Dell agora, sem comparações
1;In love com meu novo notebook da Dell... Depois de séculos usando um netbook... rs... E nem tenho coragem de me desfazer do pequenino... rs
1;Vejam só : Entrou para manutenção um notebook Dell, que por sinal excelente qualidade. Após diagnostico com nossa... http://fb.me/7qma4VaHg
1;nossa esse notebook novo da Dell que minha tia comprou é ótimo, principalmente o teclado pra digitar
1;Só desabafando, preciso de um notebook novo urgentemente de preferencia um Dell pois o HP que eu tenho já morreu....?
1;@tcurvelo além disso a garantia da Dell é excelente. Meu último notebook deu problema no hd e eles foram trocar na minha casa
1;Sem falar que o notebook da Dell é maravilhoso. Parabéns você que dá 5 mil em um só por causa de uma maçã.
1;Demolidor me fez pensar em como estou comprando as coisas bacanas. TV e celular da Samsung, como no seriado. Notebook da Dell.
1;Melhor coisa do notebook novo que a Dell me mandou foi que o auto falante é tipo, waayyyyy loud!!!! <3<3<3Dell<3<3<3
1;Quero e preciso me comprar um notebook. E quero da Dell!
1;@luuan__ notebook do Sheldon é Dell. Melhor argumento não há. ?
1;Teclado e usbs pararam de funcionar no meu notebook, o que fazer? @LGUS jogar fora e comprar um @Dell???
1;Sobre meu notebook, a Dell viu que tem algo estranho e vai mandar alguém vim arrumar. YAY
1;Se me permitissem escolher o novo Macbook e o Dell XPS 13,eu escolheria fácil o modelo da Dell. É muito mais notebook.
1;E aqui em casa mesmo fez a troca por uma placa novinha. E tenho meu notebook inteirinho, intacto e normal novamente ? Entao, valeu @Dell!
1;notebook tem q ser dell memo né mano num tem jeito
1;@mediarequentada sério, um notebook top da dell q é ótimo pra edição de vídeo é METADE do preço. e tudo bem q vai ter q trabalhar com adobe
1;eu queria tanto um notebook da dell ou hp
1;Não vejo a hora de chegar meu notebook fodástico da @Dell direto do @submarino
1;Meu pc de casa faleceu. Depois de tanta pesquisa comprei um notebook Dell ? Obrigada a todos pela indicação.
1;Depois da Dell, qual a melhor marca de notebook?
1;E é por isso que meu proximo notebook vai ser um Dell: https://macmagazine.com.br/wp-content/uploads/2015/03/09-tabela-notebooks.jpg?61d3b0 … pq ó… Sem chances
1;Foi amor a primeira vista
1;O melhor desse notebook dell eh que liga e desliga tao rápido s2
1;Notebook da Dell do meu pai nem trava e rápido p crl
1;Finalmente com meu notebook funcionando novamente! - O bom da Dell (quando merece eu falo) é que todo os serviço... http://fb.me/40r8104v0
1;vai toma no cu notebook da dell é muito bom
1;meu pai me deu um notebook Dell tão lindo que eu tô até chorando sangue <3
1;@DellAjuda Em 6 dias úteis o técnico veio em casa e realizou o reparo no meu notebook. Parabéns, Dell! :)
1;3 meses com meu notebook da dell com o Linux, e nunca vi travar, o outro note de casa recém formatado menos de um mês já travou 3x
1;Chego uns notebook da dell aqui na loja que me deixa de boca aberta de tão top que são
1;Notebook da Dell, muito bom para quem gosta de jogar e/o fazer edições gráficas. Resolvi compartilhar com vocês. http://goo.gl/OOViYG
1;notebook da dell é tão bão, mas dá tanta atualização
1;Ebaaa ganhei um notebook novo da dell woohoo??✌✌
1;E o mais engraçado, a concorrente da @HPBrasil @HPSuporte, a empresa Dell tem a venda baterias pra notebook no site, fácil assim… é vergonha
1;Preciso de um notebook da Dell nao aguento mais essa porra da samsung
1;reconhecimento público: o atendimento da Dell e sua prestadora aqui foi excelente, em menos de 3 dias consertaram a tela do meu notebook.
1;Ahuahuahuahua, ainda prefiro pagar quase 3 mil reais, num notebook de ultima geração da Dell '-' na moral :3
1;Meu amor responde pelo nome de notebook Dell ?
1;A DELL COBRE O NOTEBOOK MOLHADO E A SAMSUNG NÃO GENTE QUE MUNDO É ESSE EU TENHO QUE LER AS COISA ANTES DE COMPRAR (((E DE MOLHAR
1;"eu to deitando em posição fetal e pensando ""pq n comprei notebook da dell?"""
1;Creiam, após dois anos com um notebook dell (que mesmo sendo de entrada eu amo), graças ao Analista de Sistema... http://fb.me/2ykB0MGD9
1;Quero comprar um notebook, só que um notebook muito bom, vou comprar aquele Dell de 3500 e foda-se
1;amanhã o técnico da Dell vem arrumar o notebook \o/
1;Parabéns para Dell por ter feito um notebook que é tão fácil e prático de se fazer uma manutenção.
1;Tá mais barato (e fácil) comprar notebook no próprio site da Dell do que em lojas online como a submarino e cia.
1;O meu notebook é o mais lindo #maleficent #dell ♥ http://instagram.com/p/x-FZ04j6WY/
1;Comprei um notebook Dell faz mais ou menos um mês, e tô me perguntando porque não comprei essa maravilha antes.
1;quero meu notebook da dell de volta pfvr, esse novo not as good
1;Amooo meu notebook #Dell #corei7 ????
1;@Vowlenhart tenho um notebook Dell há 3 anos sem formatar é boa marca e qualidade, mas já fiz muita besteira nele
1;Vontade de esganar meu pai por ter comprado notebook samsung quando eu mesma tinha falo que um Dell era melhor
1;Meu Deu que coisa linda esse Notebook da Dell. Já quero. http://www.theverge.com/2015/1/6/7501385/dell-xps-13-2015-edition-announced-at-ces-2015 …
1;eu já tinha decidido não comprar um notebook aí a dell vai e anuncia esse mais fino que o mackbook air...
1;Nunca pensei que acharia um Notebook da Dell tão daora https://www.youtube.com/watch?v=4OwWgpNRIKc …
1;Nesse exato momento o que eu quero é meu notebook da dell de novo, msm sendo velhinho é melhor q o meu da lenovo
1;Muito legal esses travesseiros de notebook da @dell  Link permanente da imagem incorporada
1;Acho que vale muito a pena ultrapassar um pouco meu orçamento por um notebook que seja Dell e, especialmente, com processador i5
1;Cá estou paquerando um notebook maravilhoso da Dell que comprarei em breve.
1;@algumaanna @felipe_fgnds Muito. Note eu gosto da Dell, samsung e HP
1;@Rafaael_dc po, tô nem usando quase ( dia de semana só uso o note, tô c um Dell i5 teclado iluminado um tesão) e tô na busca do carro ahahah
1;tava lembrando aqui q meu note ja ta pra completar 3 anos, com um total de 0 defeitos até então... dell é foda viu
1;Que lindo note...
1;Eu me lembro de ter visto um Dell pra ela, na época. Dell é tão amor, quando for comprar meu note vou querer um com certeza
1;Preciso mesmo é um note Dell, esse comprarei.
1;@vazio_ cara, meus 5 anos com o note da dell, nada a reclamar... dessa vez não é problema na dell, vi gente reclamando msm com placa antiga
1;Dell me surpreendeu no suporte, tô com meu note funcionando já. Que belezura.
1;Meu note novo até que é amorzinho, mas como desapegar do antigo? #QuemTemNãoTroca #Dell
1;Mas meu note começando a ser frango nos traves da vida e olha q é Dell a marca maravilha q todo o ser vivente me indicou e eu comprei
1;E por último um note da Dell Red ??????
1;Muito satisfeito com o note da dell aqui, é demais! @DellnoBrasil
1;eu achava que a placa de video do meu note era super bosta, mas é dell e roda muita coisa nele
1;@moby_vmg Dell é top, ponta firme em qqr problema que você tiver, tem uma assistência eficiente e rápida, acho uma ótima marca! NOTE TOP *-*
1;Mas eu to surpreso. Esse note da Dell tinha um monte de problema com driver no Windows 8. Parece que agora posso atualizar eles sem medo.
1;Meu note resolveu ligar depois de 2 anos. Dell te amo
1;Eh muito bom ter note novo, Dell 2 em 1, muito massa.
1;Dell é Dell.... Sistema de ventilação duplo em note ultrabook dell... Show... #dell https://instagram.com/p/4pDqEGydPb/
1;patrãozinho vai me dar um note da dell I7 com 8 GB ram pra trabalhar ♥♥♥
1;E agora, o q faço? Meu note foi p o espaço! Ah se eu pudesse ter @Dell @DellnoBrasil compraria hoje Inpiron 2 em 1  Link permanente da imagem incorporada
1;@theashura eu tô juntando dinheiro pra comprar um desktop fodástico mesmo da dell mas por enquanto tenho que me virar com o note, mas ele
1;@opsbruxo meu irmão tem um note da DELL é uma boa marca acho
1;rapaz note da sony nao dá, pega um da dell q seus problemas acabam
1;Ai sua mãe interrompe a atualização do note e ele não liga mais obg #Dell #DellBrasil pela atenção, obg cara q me atendeu. Salvaram meu dia!
1;sdds note Dell (sempre achei os Lenovo com cara de coisa vagabunda e os técnicozões falaram que era de boa, vai tranquila). Cu.
1;dell melhor empresa, nao deu uma semana os loco vieram na baia trocar o lcd do note, sem custo
1;mru irmaozinho eu vo comprq um note da dell af eu fico la no trampo mexendo queria tanto p mim af......
1;Essa Dell é demais... Note chegoooou ?
1;Meu dell latitude eh loco demaisss, q note bom
1;Note da Dell com uma baita configuração e valor também
1;@AlicePeres ps. comprei um note da dell fera d++ por 1600, acho q tu merece esse presente para sua alma
1;então, não sei vcs mas eu tenho note da #DELL #Vostro lindãoooo >.< e foi meu namorado fofo que me deeeeu >.<  ♥
1;Meu esse note da Dell é sensacional
1;Gente, garantia da Dell é muito foda, o técnico já veio e já arrumou meu note *O*
1;@rouedelavie COMPRA DELLZAO Q @Dell DESTROI NOS NOTE PARA GAMES PIRATAS CHUPA @EA NAO PAGUEI NADA
1;Note novo esse da Dell kkkkkkk meu tio deu esse para doar para a igreja. Mas é mto tesão, acho q vou desvia-lo haha  Link permanente da imagem incorporada
1;Dei o note acer p pai, e fiquei com o da dell, bemm melhor kkkk
1;Atualizar a BIOS dos note #Dell é muito suave neh.
1;obrigada ao atendente da dell que consertou meu note prometo não entrar mais em porno vlw flw
1;Tweet para declarar o meu amor pela Dell e pelo meu novo note SENSA fodasticos e rápido bjs
1;3 meses com meu notebook da dell com o Linux, e nunca vi travar, o outro note de casa recém formatado menos de um mês já travou 3x
1;estou aqui sambando na cara da populaçao com meu novo notebook DELL #woohoo #note #DELL #SAMBO
1;@johnnykatayama sim <3 não era poderoso como eu queria, mas eu note da dell lindo e melhor que o meu antigo
1;consegui trocar meu note ao invés de mandar pra assistência, peguei um da dell melhor q o meu e pelo mesmo valor ==== sorte grandeeee
1;Comprei um note da Dell ✌✌ chupa humanidade
1;"Comprei o note por causa do ""excelente"" suporte da Dell. @DellAjuda"
1;"Obrigado DELL pelo presentinho.... Bolsa pra note de 15"" e HD de 1tb... Consultoria Dell é na Rede… http://instagram.com/p/ycHAZxSdCU/"
1;Finally depois de anos consegui comprar meu note e o melhor q é um dell (visivelmente inteligente) *---*
1;Até que fim um note bom da DELL nessa nova safra. http://fb.me/6oQI6C1J2
1;Feliz com o meu not novo ? #Dell ??? (@ Casa do momor) https://www.swarmapp.com/c/1tHYMJ6bPzU
1;aqui com o not da dell, aquele que tinha riscado o hd, agora tá com o hd novinho, tudo já instalado, ele já tá bombando!
1;boas notícias hj, o outro not, o da dell, vai ser concertado, tudo dentro da garantia
1;o not da dell eh mto foda, nunca mexi num melhor vei, eu ganhei um de presente do meu pai ? eu amei #JustinForMMVA
1;meo Not da DELL é mol rapido selok rs
1;Selok meo not é mol rapido kk DELL é zikaa
1;nao curto not da acer, pra mim tem que ser Dell ou ASUS
1;O cara da dell vem amanha arrumar meu not ♥
1;uma coisa que ninguém explica, o not da HP não conectou a internet da universidade nem com resa braba, e o da dell nem precisou solicitar a
1;@dell eu ainda vou ter um not de vcs, pode acreditar
1;CHEEEEEEEEEEEEGOOOOOOOOOOU MEU NOT JESUS OBRIGADO @Dell ele é lindo
1;Adoro mexer no not da dell da mãe
1;a bateria desse not da dell dura pra caramba, estou c ele desde antes das 7 da noite, e só agora vou carregar.
1;Comprei meu not da Dell ihuuu
1;depois de MacBook os melhore not são da dell meu deus aquilo era desumano de bom
1;quero meu notebook da dell de volta pfvr, esse novo not as good
1;Testamos o Dell Chromebox, computador superportátil com desempenho top , Notícias , TechTudo http://www.techtudo.com.br/noticias/noticia/2014/11/testamos-o-dell-chromebox-computador-superportatil-com-desempenho-top.html … via @TechTudo
